postAtSpecificTime (YYYY-MM-DD HH:mm:ss),content,link (OGmetaUrl),imageUrls,gifUrl,videoUrls
2026-02-01 09:00:00,Stop losing leads to slow back-and-forth. Give your cleaning clients instant quotes in seconds‚Äînot days. One tool. Your pricing. More booked jobs. Try CleanQuote.io üßπ #CleaningBusiness #HomeCleaning #QuoteSoftware #CloseMoreLeads #CleanQuote,https://www.cleanquote.io,,,
2026-02-05 10:00:00,Your competitors are still typing emails. You could be sending instant quotes. CleanQuote helps cleaning companies quote faster and book more‚Äî$297. Start your free trial today. #CleaningCompany #SmallBusiness #SaaS #InstantQuotes #CleanQuote,https://www.cleanquote.io,,,
2026-02-08 14:00:00,Fact: Leads who get a quote within 5 minutes are 10x more likely to book. Are you sending quotes in 5 minutes‚Äîor 5 days? CleanQuote.io fixes that. #CleaningBusiness #LeadResponse #QuoteFast #HomeCleaningBiz #CleanQuote,https://www.cleanquote.io,,,
2026-02-12 11:00:00,Valentine's Day deal for your business: Fall in love with instant quoting. CleanQuote gives your clients transparent pricing and one-click booking. $297. Sign up this week. ‚ù§Ô∏è #CleaningBusiness #ValentinesDay #SoftwareDeal #QuoteTool #CleanQuote,https://www.cleanquote.io,,,
2026-02-15 09:30:00,You run a cleaning business‚Äînot a quote factory. Let software handle the quoting. CleanQuote.io: your pricing, instant quotes, embed on your site. More time for actual cleaning. #CleaningBusiness #AutomateQuotes #HomeCleaning #SaaS #CleanQuote,https://www.cleanquote.io,,,
2026-02-19 13:00:00,"""CleanQuote cut our quote response time from hours to seconds. We're closing more jobs."" ‚Äî Cleaning company owner. Join them. $297. Start at CleanQuote.io. #Testimonial #CleaningBusiness #QuoteSoftware #CleanQuote",https://www.cleanquote.io,,,
2026-02-22 10:00:00,Weekend = your clients are home and searching for cleaning. Are they finding you‚Äîand getting a quote right away? Add instant quoting to your site. CleanQuote.io. #CleaningBusiness #WeekendLeads #InstantQuote #HomeCleaning #CleanQuote,https://www.cleanquote.io,,,
2026-02-26 15:00:00,Tax season = busy season. Don't let slow quoting cost you jobs. CleanQuote gives your cleaning business instant pricing and booking. One less thing to stress about. $297. #CleaningBusiness #TaxSeason #QuoteSoftware #SmallBusiness #CleanQuote,https://www.cleanquote.io,,,
2026-03-01 09:00:00,Spring cleaning rush is coming. Is your business ready to quote and book at scale? CleanQuote.io: instant quotes, your pricing, embed anywhere. Get set up before the rush. #SpringCleaning #CleaningBusiness #QuoteSoftware #ScaleUp #CleanQuote,https://www.cleanquote.io,,,
2026-03-05 10:30:00,Your brand. Your pricing. Your quote form‚Äîin seconds. CleanQuote is the quoting tool built for cleaning companies. No coding. Just sign up, set your rates, and start closing. $297. #CleaningBusiness #BrandYourWay #QuoteTool #HomeCleaning #CleanQuote,https://www.cleanquote.io,,,
2026-03-08 12:00:00,To every woman running a cleaning company: you deserve tools that work as hard as you do. CleanQuote helps you quote faster and book more. Happy International Women's Day! üë© #WomenInBusiness #CleaningBusiness #QuoteSoftware #IWD #CleanQuote,https://www.cleanquote.io,,,
2026-03-12 11:00:00,Your luck just improved. CleanQuote helps cleaning businesses turn leads into booked jobs with instant quotes. $297. No phone tag. No lost leads. Try it. üçÄ #CleaningBusiness #StPatricksDay #InstantQuotes #LeadConversion #CleanQuote,https://www.cleanquote.io,,,
2026-03-15 14:00:00,Growth tip for cleaning companies: Speed wins. The faster you quote, the more jobs you book. CleanQuote gives your clients instant pricing. Set it up in a day. $297. #CleaningBusiness #GrowthTips #QuoteFast #HomeCleaning #CleanQuote,https://www.cleanquote.io,,,
2026-03-19 09:30:00,How it works: 1) Sign up 2) Add your pricing 3) Embed the quote form 4) Watch leads convert. CleanQuote.io‚Äîthe quoting platform for cleaning businesses. $297. #CleaningBusiness #HowItWorks #QuoteSoftware #SimpleSetup #CleanQuote,https://www.cleanquote.io,,,
2026-03-22 13:00:00,Myth: ""Quote software is complicated."" CleanQuote is built for cleaning companies. Your pricing. Instant quotes. Embed on your site or use your link. No dev needed. $297. #CleaningBusiness #MythBuster #EasySetup #QuoteTool #CleanQuote,https://www.cleanquote.io,,,
2026-03-26 10:00:00,Q2 is around the corner. Goal: more booked jobs? Add instant quoting. CleanQuote helps cleaning businesses quote in seconds and close while competitors are still emailing. $297. #Q2Goals #CleaningBusiness #QuoteSoftware #BookMore #CleanQuote,https://www.cleanquote.io,,,
2026-03-29 11:30:00,Spring = more people searching for cleaning. Give them a quote the moment they ask. CleanQuote.io: instant pricing, your rates, one-click booking. Get ready for the season. #SpringCleaning #CleaningBusiness #InstantQuote #SeasonReady #CleanQuote,https://www.cleanquote.io,,,
2026-04-02 09:00:00,Stop wasting hours on custom quotes. CleanQuote lets your clients get instant pricing based on their space‚Äîusing YOUR rates. You stay in control. They get speed. $297. #CleaningBusiness #SaveTime #YourPricing #QuoteSoftware #CleanQuote,https://www.cleanquote.io,,,
2026-04-05 14:00:00,Every minute you spend typing a quote is a minute you're not cleaning or selling. Automate quoting. CleanQuote.io for cleaning businesses. $297. Sign up today. #CleaningBusiness #Automate #QuoteSoftware #Productivity #CleanQuote,https://www.cleanquote.io,,,
2026-04-09 10:00:00,Busy season tip: Make it easy for leads to say yes. Instant quote + one-click booking = more closed jobs. CleanQuote does both. Get set up before the rush. $297. #CleaningBusiness #EasterPrep #EasyBooking #QuoteTool #CleanQuote,https://www.cleanquote.io,,,
2026-04-12 13:00:00,94% of people expect a fast response. If you're sending quotes in 24+ hours, you're losing to someone who isn't. CleanQuote = instant quotes for your cleaning business. $297. #CleaningBusiness #FastResponse #LeadConversion #QuoteSoftware #CleanQuote,https://www.cleanquote.io,,,
2026-04-16 11:00:00,"""We went from quoting in 24 hours to 30 seconds. Game changer."" ‚Äî Cleaning business owner. Join them. CleanQuote.io. $297. #Testimonial #CleaningBusiness #QuoteSoftware #CleanQuote",https://www.cleanquote.io,,,
2026-04-19 09:30:00,Earth Day reminder: CleanQuote helps you run a more efficient business‚Äîless back-and-forth, less paper, more closed jobs. Good for your bottom line and the planet. $297. #CleaningBusiness #EarthDay #Efficient #QuoteSoftware #CleanQuote,https://www.cleanquote.io,,,
2026-04-23 15:00:00,Month-end push: How many quotes did you send this month? With CleanQuote your clients get instant quotes 24/7. You send zero manual emails. More bookings. $297. #CleaningBusiness #MonthEnd #AutomateQuotes #ScaleUp #CleanQuote,https://www.cleanquote.io,,,
2026-04-26 10:00:00,Reclaim your weekends. Stop quoting on Saturday. Let CleanQuote send instant quotes while you're off‚Äîand book more jobs without the overtime. $297. #CleaningBusiness #WorkLifeBalance #AutomateQuotes #WeekendOff #CleanQuote,https://www.cleanquote.io,,,
2026-04-30 12:00:00,May = Small Business Month. Invest in yours. CleanQuote helps cleaning companies quote faster and book more. One price: $297. Start your free trial at CleanQuote.io. #SmallBusinessMonth #CleaningBusiness #QuoteSoftware #InvestInYou #CleanQuote,https://www.cleanquote.io,,,
2026-05-03 09:00:00,Busy cleaning business owners: You don't have time to write 20 custom quotes a day. CleanQuote does it in seconds. Your pricing. Your brand. $297. #CleaningBusiness #BusyOwner #InstantQuotes #QuoteTool #CleanQuote,https://www.cleanquote.io,,,
2026-05-07 14:00:00,Productivity hack: Let software quote so you can focus on delivery and growth. CleanQuote = instant quotes for your cleaning clients. Less admin, more jobs. $297. #CleaningBusiness #Productivity #QuoteSoftware #FocusOnGrowth #CleanQuote,https://www.cleanquote.io,,,
2026-05-10 10:00:00,Mother's Day idea: Give your cleaning business the gift of less stress. CleanQuote handles quoting so you can focus on running the show. $297. ‚ù§Ô∏è #MothersDay #CleaningBusiness #QuoteSoftware #LessStress #CleanQuote,https://www.cleanquote.io,,,
2026-05-14 13:00:00,The CleanQuote difference: No RFPs. No ""I'll get back to you."" Your clients get instant pricing and can book on the spot. You get more closed jobs. $297. #CleaningBusiness #InstantQuote #NoBackAndForth #QuoteSoftware #CleanQuote,https://www.cleanquote.io,,,
2026-05-17 11:00:00,Reality check: If you're still quoting by email, you're leaving money on the table. CleanQuote gives your cleaning business instant quoting. One price. $297. Try it. #CleaningBusiness #RealityCheck #InstantQuotes #QuoteSoftware #CleanQuote,https://www.cleanquote.io,,,
2026-05-21 09:30:00,Tip for cleaning companies: The faster you respond to a lead, the more likely they book. CleanQuote = instant quote the moment they visit your form. No waiting. $297. #CleaningBusiness #LeadResponse #QuoteFast #TipTuesday #CleanQuote,https://www.cleanquote.io,,,
2026-05-24 15:00:00,Memorial Day weekend: While you're off, your quote form can still be working. CleanQuote sends instant quotes 24/7. Come back to more booked jobs. $297. #CleaningBusiness #MemorialDay #24-7Quotes #Automate #CleanQuote,https://www.cleanquote.io,,,
2026-05-28 10:00:00,End-of-May checklist for cleaning businesses: ‚úÖ Review pricing ‚úÖ Add instant quoting ‚úÖ Book more in June. CleanQuote.io. $297. #CleaningBusiness #MonthEnd #QuoteSoftware #JuneGoals #CleanQuote,https://www.cleanquote.io,,,
2026-05-31 12:00:00,We built CleanQuote because quoting shouldn't be a bottleneck. Cleaning businesses get instant quotes, their pricing, embed anywhere. $297. Sign up and see. #CleaningBusiness #NoBottleneck #QuoteSoftware #CleanQuote,https://www.cleanquote.io,,,
2026-06-04 09:00:00,Summer = more demand for cleaning. Is your business ready to quote at scale? CleanQuote gives every lead instant pricing. No backlog. No lost jobs. $297. #CleaningBusiness #SummerRush #ScaleQuoting #QuoteSoftware #CleanQuote,https://www.cleanquote.io,,,
2026-06-07 14:00:00,Mid-year review: Are you closing more leads than last year? If quoting is still manual, you're leaving growth on the table. CleanQuote fixes that. $297. #CleaningBusiness #MidYearReview #Growth #QuoteSoftware #CleanQuote,https://www.cleanquote.io,,,
2026-06-11 10:30:00,Move-in / move-out season = quote requests everywhere. Handle them all with instant quoting. CleanQuote: your pricing, instant results. $297. #CleaningBusiness #MovingSeason #InstantQuotes #QuoteSoftware #CleanQuote,https://www.cleanquote.io,,,
2026-06-14 13:00:00,Client needs a quote by tomorrow? With CleanQuote they get it in 30 seconds‚Äîfrom your site. Look professional. Close more. $297. #CleaningBusiness #ProfessionalImage #InstantQuote #QuoteSoftware #CleanQuote,https://www.cleanquote.io,,,
2026-06-18 11:00:00,Father's Day: Give your cleaning business a boost. CleanQuote = less time quoting, more time closing. $297. Start at CleanQuote.io. #FathersDay #CleaningBusiness #QuoteSoftware #CleanQuote,https://www.cleanquote.io,,,
2026-06-21 09:30:00,First day of summer. Demand for cleaning goes up. So should your ability to quote fast. CleanQuote helps cleaning businesses send instant quotes. $297. #CleaningBusiness #SummerDemand #InstantQuotes #QuoteSoftware #CleanQuote,https://www.cleanquote.io,,,
2026-06-25 15:00:00,Consistency wins: Cleaning businesses that quote instantly book more. CleanQuote keeps you consistent‚Äîevery lead gets a quote in seconds. $297. #CleaningBusiness #Consistency #InstantQuotes #BookMore #CleanQuote,https://www.cleanquote.io,,,
2026-06-28 10:00:00,June wrap-up: How many leads got a quote in under 5 minutes? With CleanQuote the answer is all of them. Start July with instant quoting. $297. #CleaningBusiness #MonthEnd #InstantQuotes #QuoteSoftware #CleanQuote,https://www.cleanquote.io,,,
2026-07-02 12:00:00,July 4th week = people home and searching. Be the cleaning company that quotes instantly. CleanQuote.io. $297. #CleaningBusiness #July4th #InstantQuote #QuoteSoftware #CleanQuote,https://www.cleanquote.io,,,
2026-07-05 09:00:00,Q3 starts now. Goal: more booked jobs. CleanQuote helps cleaning businesses quote in seconds and close while others are still emailing. $297. #Q3Goals #CleaningBusiness #QuoteSoftware #BookMore #CleanQuote,https://www.cleanquote.io,,,
2026-07-09 14:00:00,Vacation mode: Your quote form doesn't have to be. CleanQuote sends instant quotes 24/7. You relax; leads still get pricing and can book. $297. #CleaningBusiness #Vacation #24-7Quotes #QuoteSoftware #CleanQuote,https://www.cleanquote.io,,,
2026-07-12 11:00:00,Stat: Leads who get instant pricing are far more likely to book. CleanQuote gives your cleaning clients exactly that. Your rates. Their quote. In seconds. $297. #CleaningBusiness #Stats #InstantQuote #Conversion #CleanQuote,https://www.cleanquote.io,,,
2026-07-16 10:00:00,Summer tip: Don't let quote backlog cost you jobs. CleanQuote handles unlimited quotes at once‚Äîinstant pricing, your rules. $297. #CleaningBusiness #SummerTip #NoBacklog #QuoteSoftware #CleanQuote,https://www.cleanquote.io,,,
2026-07-19 13:00:00,"""As a cleaning company owner time is money. CleanQuote saved us hours. We quote in seconds now."" ‚Äî Real customer. Join them. $297. #Testimonial #CleaningBusiness #QuoteSoftware #CleanQuote",https://www.cleanquote.io,,,
2026-07-23 09:30:00,Mid-summer push: Get your quoting in shape. CleanQuote = instant quotes, your pricing, embed on site or link. Set up in a day. $297. #CleaningBusiness #MidSummer #QuoteSoftware #GetReady #CleanQuote,https://www.cleanquote.io,,,
2026-07-26 15:00:00,Hot take: If you're not offering instant quotes, you're losing to someone who is. CleanQuote helps cleaning businesses compete. $297. #CleaningBusiness #InstantQuotes #CompetitiveEdge #QuoteSoftware #CleanQuote,https://www.cleanquote.io,,,
2026-07-30 10:00:00,July challenge: Get 10 more quotes out this month. With CleanQuote your clients get instant pricing‚Äîyou don't send a single manual quote. $297. #CleaningBusiness #Challenge #AutomateQuotes #QuoteSoftware #CleanQuote,https://www.cleanquote.io,,,
2026-08-02 12:00:00,Back-to-school = busy households. Cleaning demand goes up. So should your quoting speed. CleanQuote = instant quotes for every lead. $297. #CleaningBusiness #BackToSchool #InstantQuotes #QuoteSoftware #CleanQuote,https://www.cleanquote.io,,,
2026-08-06 09:00:00,August biz tip: Stop trading time for quotes. CleanQuote automates pricing so you can focus on operations and growth. $297. #CleaningBusiness #BizTip #AutomateQuotes #QuoteSoftware #CleanQuote,https://www.cleanquote.io,,,
2026-08-09 14:00:00,Why CleanQuote? ‚úÖ Your pricing ‚úÖ Instant quotes ‚úÖ Embed or link ‚úÖ No coding ‚úÖ Built for cleaning companies. $297. Try it. #CleaningBusiness #WhyCleanQuote #QuoteSoftware #CleanQuote,https://www.cleanquote.io,,,
2026-08-13 11:00:00,Late summer = time to prep for fall rush. Add instant quoting now. CleanQuote helps cleaning businesses scale without the quote bottleneck. $297. #CleaningBusiness #FallPrep #QuoteSoftware #ScaleUp #CleanQuote,https://www.cleanquote.io,,,
2026-08-16 10:00:00,Preparing for a busy fall? CleanQuote gets your cleaning business ready: instant quotes, your rates, book more with less back-and-forth. $297. #CleaningBusiness #FallReady #QuoteSoftware #CleanQuote,https://www.cleanquote.io,,,
2026-08-20 13:00:00,School year = chaos for families = more cleaning demand. Be ready with instant quoting. CleanQuote. $297. #CleaningBusiness #SchoolYear #InstantQuotes #QuoteSoftware #CleanQuote,https://www.cleanquote.io,,,
2026-08-23 09:30:00,You started a cleaning business to clean‚Äînot to chase quotes. CleanQuote handles the quoting. You handle the jobs. $297. #CleaningBusiness #FocusOnCleaning #QuoteSoftware #CleanQuote,https://www.cleanquote.io,,,
2026-08-27 15:00:00,Labor Day weekend: Your quote form doesn't take time off. CleanQuote sends instant quotes 24/7. You enjoy the long weekend. $297. #CleaningBusiness #LaborDay #24-7Quotes #QuoteSoftware #CleanQuote,https://www.cleanquote.io,,,
2026-08-30 10:00:00,Month-end check: Is your quoting as fast as it could be? CleanQuote gives every lead instant pricing. One price. $297. #CleaningBusiness #MonthEnd #InstantQuotes #QuoteSoftware #CleanQuote,https://www.cleanquote.io,,,
2026-09-03 12:00:00,Fall = second rush for cleaning. Quote fast and book more. CleanQuote: instant quotes, your pricing, built for cleaning companies. $297. #CleaningBusiness #FallRush #QuoteSoftware #CleanQuote,https://www.cleanquote.io,,,
2026-09-06 09:00:00,Q3 final push: More quotes = more jobs. CleanQuote helps you send unlimited instant quotes. Your pricing. Your brand. $297. #Q3Goals #CleaningBusiness #QuoteSoftware #CleanQuote,https://www.cleanquote.io,,,
2026-09-10 14:00:00,Myth: ""Quote software is expensive."" CleanQuote is $297. One price. Instant quotes for your cleaning business. Your ROI = more closed jobs. #CleaningBusiness #MythBuster #Affordable #QuoteSoftware #CleanQuote,https://www.cleanquote.io,,,
2026-09-13 11:00:00,"""I was skeptical. CleanQuote nailed it‚Äîaccurate pricing, easy setup, we're booking more."" ‚Äî Cleaning business owner. Try it. $297. #Testimonial #CleaningBusiness #QuoteSoftware #CleanQuote",https://www.cleanquote.io,,,
2026-09-17 10:00:00,Fall checklist for cleaning businesses: ‚úÖ Update pricing ‚úÖ Add instant quoting ‚úÖ Capture more leads. CleanQuote.io. $297. #CleaningBusiness #FallChecklist #QuoteSoftware #CleanQuote,https://www.cleanquote.io,,,
2026-09-20 13:00:00,Q4 planning: Want to finish the year strong? Add instant quoting. CleanQuote helps cleaning businesses close more leads. $297. #Q4Planning #CleaningBusiness #QuoteSoftware #CleanQuote,https://www.cleanquote.io,,,
2026-09-24 09:30:00,Thanksgiving and holidays = more quote requests. Get ahead with CleanQuote. Instant quotes 24/7. Your pricing. $297. Early bird: sign up now. #CleaningBusiness #HolidayPrep #QuoteSoftware #CleanQuote,https://www.cleanquote.io,,,
2026-09-27 15:00:00,Productivity tip: The best quote is the one that sends itself. CleanQuote = instant pricing for your clients. You focus on delivery. $297. #CleaningBusiness #Productivity #QuoteSoftware #CleanQuote,https://www.cleanquote.io,,,
2026-10-01 10:00:00,October = crunch time before the holidays. Make sure your cleaning business can quote at scale. CleanQuote. $297. #CleaningBusiness #October #QuoteSoftware #CleanQuote,https://www.cleanquote.io,,,
2026-10-04 12:00:00,Q4 is here. This is your quarter to book more. CleanQuote gives your cleaning business instant quoting‚Äîno delay, no lost leads. $297. #Q4Goals #CleaningBusiness #QuoteSoftware #CleanQuote,https://www.cleanquote.io,,,
2026-10-08 09:00:00,Fall tip: Leads are researching cleaning now. Be the one who quotes instantly. CleanQuote.io. $297. #CleaningBusiness #FallTip #InstantQuotes #QuoteSoftware #CleanQuote,https://www.cleanquote.io,,,
2026-10-11 14:00:00,CleanQuote promise: Your pricing. Instant quotes. No surprise fees. Built for cleaning companies. $297. Start at CleanQuote.io. #CleaningBusiness #Promise #QuoteSoftware #CleanQuote,https://www.cleanquote.io,,,
2026-10-15 11:00:00,Small Business Week: Invest in tools that scale. CleanQuote helps cleaning companies quote faster and book more. One price. $297. #SmallBusinessWeek #CleaningBusiness #QuoteSoftware #CleanQuote,https://www.cleanquote.io,,,
2026-10-18 10:00:00,Halloween special: Don't get spooked by quote backlog. CleanQuote sends instant quotes so you never fall behind. $297. üëª #CleaningBusiness #Halloween #QuoteSoftware #CleanQuote,https://www.cleanquote.io,,,
2026-10-22 13:00:00,Year-end planning: Budget for tools that grow revenue. CleanQuote = more quotes = more jobs. $297. ROI in closed deals. #CleaningBusiness #YearEndPlanning #QuoteSoftware #CleanQuote,https://www.cleanquote.io,,,
2026-10-25 09:30:00,Before the holiday rush: Get your quoting on lock. CleanQuote gives your cleaning business instant pricing for every lead. $297. #CleaningBusiness #HolidayRush #QuoteSoftware #CleanQuote,https://www.cleanquote.io,,,
2026-10-29 15:00:00,October wrap: How many leads got instant quotes? With CleanQuote the answer is all of them. Finish the year strong. $297. #CleaningBusiness #MonthEnd #QuoteSoftware #CleanQuote,https://www.cleanquote.io,,,
2026-11-01 10:00:00,November = holiday cleaning demand. Be ready with instant quoting. CleanQuote. $297. #CleaningBusiness #November #QuoteSoftware #CleanQuote,https://www.cleanquote.io,,,
2026-11-05 12:00:00,Q4 check-in: On track to hit your booking goals? CleanQuote helps cleaning businesses convert more leads with instant quotes. $297. #Q4CheckIn #CleaningBusiness #QuoteSoftware #CleanQuote,https://www.cleanquote.io,,,
2026-11-08 09:00:00,Thanksgiving week = people home and booking. Give them instant quotes. CleanQuote.io. $297. #CleaningBusiness #Thanksgiving #QuoteSoftware #CleanQuote,https://www.cleanquote.io,,,
2026-11-12 14:00:00,"""We tried 3 quote tools. CleanQuote is the one that actually got us more bookings."" ‚Äî Cleaning company. Join them. $297. #Testimonial #CleaningBusiness #QuoteSoftware #CleanQuote",https://www.cleanquote.io,,,
2026-11-15 11:00:00,Black Friday: Invest in your cleaning business. CleanQuote = instant quoting, more closed jobs. $297. One price. No subscription surprise. #BlackFriday #CleaningBusiness #QuoteSoftware #CleanQuote,https://www.cleanquote.io,,,
2026-11-19 10:00:00,Thanksgiving week = last-minute quote requests. With CleanQuote every lead gets instant pricing. No stress. No backlog. $297. #CleaningBusiness #ThanksgivingWeek #QuoteSoftware #CleanQuote,https://www.cleanquote.io,,,
2026-11-22 13:00:00,Post-Thanksgiving: Your quote form doesn't need a break. CleanQuote sends instant quotes 24/7. You enjoy the weekend. $297. #CleaningBusiness #PostThanksgiving #QuoteSoftware #CleanQuote,https://www.cleanquote.io,,,
2026-11-26 09:30:00,Cyber Monday deal: CleanQuote for cleaning businesses. $297. Instant quotes, your pricing, embed anywhere. Sign up today. #CyberMonday #CleaningBusiness #QuoteSoftware #CleanQuote,https://www.cleanquote.io,,,
2026-11-29 15:00:00,December = holiday cleaning rush. Quote fast. Book more. CleanQuote gives your cleaning business instant quoting. $297. #CleaningBusiness #December #QuoteSoftware #CleanQuote,https://www.cleanquote.io,,,
2026-12-03 10:00:00,Year-end tip: Close 2026 with more booked jobs. CleanQuote helps cleaning companies quote in seconds. $297. #CleaningBusiness #YearEnd #QuoteSoftware #CleanQuote,https://www.cleanquote.io,,,
2026-12-06 12:00:00,Holiday season = peak demand. Don't let slow quoting cost you jobs. CleanQuote = instant quotes for your cleaning business. $297. #CleaningBusiness #HolidaySeason #QuoteSoftware #CleanQuote,https://www.cleanquote.io,,,
